tool,type,dataset,genome,read_length,aligned,accuracy,overaligned,time,memory
strobealign-0.14.0,align,sim3,drosophila,50,99.68485,90.3354,3262,14.90,0.951725
strobealign-0.14.0,align,sim3,drosophila,75,99.8138,91.6398,3577,16.27,0.99284
strobealign-0.14.0,align,sim3,drosophila,100,99.8043,92.37945,3873,18.80,1.02771
strobealign-0.14.0,align,sim3,drosophila,150,99.78395,93.2242,4299,24.74,1.12971
strobealign-0.14.0,align,sim3,drosophila,200,99.74355,93.52555,5116,30.22,1.25152
strobealign-0.14.0,align,sim3,drosophila,300,99.69515,95.38125,6097,49.70,1.46545
strobealign-0.14.0,align,sim3,drosophila,500,99.5807,95.73155,8336,93.01,1.75632
strobealign-0.14.0,align,sim4,drosophila,50,98.87295,89.43415,6008,15.96,0.936577
strobealign-0.14.0,align,sim4,drosophila,75,99.61345,91.3445,6411,17.52,0.98138
strobealign-0.14.0,align,sim4,drosophila,100,99.62255,92.11185,6989,20.19,1.02502
strobealign-0.14.0,align,sim4,drosophila,150,99.5896,92.93845,8122,26.72,1.16973
strobealign-0.14.0,align,sim4,drosophila,200,99.5448,93.26665,9089,35.26,1.27244
strobealign-0.14.0,align,sim4,drosophila,300,99.43065,95.03055,11387,66.54,1.48158
strobealign-0.14.0,align,sim4,drosophila,500,99.21995,95.29595,15566,149.78,1.69654
strobealign-0.14.0,align,sim5,drosophila,50,97.05785,87.58535,12134,16.16,0.930145
strobealign-0.14.0,align,sim5,drosophila,75,98.4902,90.1271,12919,17.92,0.999352
strobealign-0.14.0,align,sim5,drosophila,100,98.9495,91.27745,14215,21.02,1.04327
strobealign-0.14.0,align,sim5,drosophila,150,99.14305,92.34365,16169,28.60,1.1871
strobealign-0.14.0,align,sim5,drosophila,200,99.0584,92.6491,18322,42.33,1.27419
strobealign-0.14.0,align,sim5,drosophila,300,98.86755,94.42885,22644,88.40,1.49007
strobealign-0.14.0,align,sim5,drosophila,500,98.5458,94.46245,29084,195.97,1.64328
strobealign-mcs-022a721,align,sim3,drosophila,50,99.80845,90.49635,3262,16.76,0.961727
strobealign-mcs-022a721,align,sim3,drosophila,75,99.8173,91.67255,3577,20.61,0.974735
strobealign-mcs-022a721,align,sim3,drosophila,100,99.80545,92.4203,3873,21.32,1.0033
strobealign-mcs-022a721,align,sim3,drosophila,150,99.7841,93.2202,4299,27.99,1.0976
strobealign-mcs-022a721,align,sim3,drosophila,200,99.7439,93.56075,5116,33.56,1.22694
strobealign-mcs-022a721,align,sim3,drosophila,300,99.69515,95.37105,6097,54.54,1.4491
strobealign-mcs-022a721,align,sim3,drosophila,500,99.58075,95.747,8336,95.14,1.72938
strobealign-mcs-022a721,align,sim4,drosophila,50,99.555,90.09435,6008,17.79,0.942047
strobealign-mcs-022a721,align,sim4,drosophila,75,99.6653,91.4323,6411,21.48,0.992207
strobealign-mcs-022a721,align,sim4,drosophila,100,99.6501,92.1335,6989,23.04,1.02054
strobealign-mcs-022a721,align,sim4,drosophila,150,99.59355,92.962,8122,31.49,1.10627
strobealign-mcs-022a721,align,sim4,drosophila,200,99.54555,93.3136,9089,42.46,1.22313
strobealign-mcs-022a721,align,sim4,drosophila,300,99.43065,95.029,11387,74.15,1.46257
strobealign-mcs-022a721,align,sim4,drosophila,500,99.21995,95.32545,15566,157.77,1.73624
strobealign-mcs-022a721,align,sim5,drosophila,50,98.24625,88.52875,12134,18.30,0.949474
strobealign-mcs-022a721,align,sim5,drosophila,75,98.65375,90.3218,12919,21.66,0.994698
strobealign-mcs-022a721,align,sim5,drosophila,100,99.1252,91.4404,14215,23.61,1.01959
strobealign-mcs-022a721,align,sim5,drosophila,150,99.1855,92.42415,16169,34.54,1.11488
strobealign-mcs-022a721,align,sim5,drosophila,200,99.08195,92.68065,18322,51.00,1.23264
strobealign-mcs-022a721,align,sim5,drosophila,300,98.86775,94.43295,22644,99.93,1.45588
strobealign-mcs-022a721,align,sim5,drosophila,500,98.5458,94.4707,29084,211.02,1.63939
bwamem,align,sim3,drosophila,50,99.7669,90.4915,3262,45.520,2.0758
bwamem,align,sim3,drosophila,75,99.8128,91.73235,3577,56.576,1.5076
bwamem,align,sim3,drosophila,100,99.80635,92.42745,3873,44.444,1.19816
bwamem,align,sim3,drosophila,150,99.78505,93.2454,4299,61.993,0.967785
bwamem,align,sim3,drosophila,200,99.7442,93.56395,5116,81.843,0.878311
bwamem,align,sim3,drosophila,300,99.69515,95.4086,6097,134.858,0.847855
bwamem,align,sim3,drosophila,500,99.58065,95.73675,8336,249.190,0.83807
bwamem,align,sim4,drosophila,50,99.3206,90.01905,6008,46.534,2.09303
bwamem,align,sim4,drosophila,75,99.62745,91.41475,6411,60.670,1.54759
bwamem,align,sim4,drosophila,100,99.64935,92.183,6989,51.639,1.22884
bwamem,align,sim4,drosophila,150,99.5939,92.9699,8122,75.907,0.988804
bwamem,align,sim4,drosophila,200,99.54555,93.28015,9089,103.234,0.89249
bwamem,align,sim4,drosophila,300,99.43065,95.0347,11387,176.253,0.848446
bwamem,align,sim4,drosophila,500,99.21995,95.33095,15566,333.384,0.836399
bwamem,align,sim5,drosophila,50,97.44005,88.0996,12134,47.873,2.06763
bwamem,align,sim5,drosophila,75,98.35265,90.063,12919,61.944,1.54543
bwamem,align,sim5,drosophila,100,98.8894,91.25295,14215,52.030,1.23535
bwamem,align,sim5,drosophila,150,99.18135,92.3238,16169,76.259,0.998238
bwamem,align,sim5,drosophila,200,99.07855,92.5206,18322,106.120,0.901321
bwamem,align,sim5,drosophila,300,98.86775,94.19565,22644,183.918,0.866203
bwamem,align,sim5,drosophila,500,98.5458,94.35745,29084,322.784,0.869747
minimap2,align,sim3,drosophila,50,97.7945,88.31245,3262,25.806,1.69403
minimap2,align,sim3,drosophila,75,99.6926,91.3942,3577,36.916,1.57021
minimap2,align,sim3,drosophila,100,99.79365,92.2979,3873,24.746,1.49906
minimap2,align,sim3,drosophila,150,99.78415,93.21025,4299,31.544,1.23183
minimap2,align,sim3,drosophila,200,99.74415,93.4795,5116,46.607,1.17436
minimap2,align,sim3,drosophila,300,99.6951,95.29185,6097,56.276,1.1245
minimap2,align,sim3,drosophila,500,99.5806,95.4867,8336,147.710,1.2162
minimap2,align,sim4,drosophila,50,94.1595,84.88995,6008,26.704,1.68072
minimap2,align,sim4,drosophila,75,99.04195,90.6511,6411,38.920,1.56479
minimap2,align,sim4,drosophila,100,99.5591,92.02535,6989,24.445,1.47821
minimap2,align,sim4,drosophila,150,99.5915,92.9701,8122,30.758,1.26908
minimap2,align,sim4,drosophila,200,99.54535,93.2299,9089,45.741,1.19479
minimap2,align,sim4,drosophila,300,99.43065,94.91995,11387,55.473,1.12885
minimap2,align,sim4,drosophila,500,99.21995,95.06185,15566,142.727,1.23294
minimap2,align,sim5,drosophila,50,91.6492,82.482,12134,25.072,1.64742
minimap2,align,sim5,drosophila,75,97.24085,88.8155,12919,36.273,1.57361
minimap2,align,sim5,drosophila,100,98.3326,90.6441,14215,24.510,1.46756
minimap2,align,sim5,drosophila,150,99.09805,92.33565,16169,31.472,1.22929
minimap2,align,sim5,drosophila,200,99.0677,92.60805,18322,46.470,1.18652
minimap2,align,sim5,drosophila,300,98.8674,94.23515,22644,57.578,1.13196
minimap2,align,sim5,drosophila,500,98.5458,94.06505,29084,130.626,1.19361
strobealign-0.14.0,map,sim3,drosophila,50,96.6145,86.3482,458,7.31,0.936337
strobealign-0.14.0,map,sim3,drosophila,75,99.31475,90.3044,859,8.89,0.985882
strobealign-0.14.0,map,sim3,drosophila,100,99.52145,91.3518,1259,8.89,0.979065
strobealign-0.14.0,map,sim3,drosophila,150,99.72185,92.6763,1917,10.09,1.09538
strobealign-0.14.0,map,sim3,drosophila,200,99.73335,93.1841,2731,11.86,1.19528
strobealign-0.14.0,map,sim3,drosophila,300,99.69445,95.0046,4261,17.90,1.35807
strobealign-0.14.0,map,sim3,drosophila,500,99.58025,95.43545,7134,21.19,1.58116
strobealign-0.14.0,map,sim4,drosophila,50,91.99685,81.71995,802,6.99,0.93874
strobealign-0.14.0,map,sim4,drosophila,75,97.58405,88.21165,1485,7.98,0.982132
strobealign-0.14.0,map,sim4,drosophila,100,98.18835,89.5789,2100,8.36,1.02871
strobealign-0.14.0,map,sim4,drosophila,150,99.0743,91.60325,3361,9.70,1.13749
strobealign-0.14.0,map,sim4,drosophila,200,99.39355,92.4541,4622,10.97,1.20333
strobealign-0.14.0,map,sim4,drosophila,300,99.42805,94.34465,7849,15.97,1.37308
strobealign-0.14.0,map,sim4,drosophila,500,99.2199,94.65455,13199,19.20,1.60413
strobealign-0.14.0,map,sim5,drosophila,50,89.62845,79.4099,1538,6.84,0.93507
strobealign-0.14.0,map,sim5,drosophila,75,95.5391,86.15605,2895,7.77,1.00395
strobealign-0.14.0,map,sim5,drosophila,100,96.3158,87.5415,4180,8.24,1.04802
strobealign-0.14.0,map,sim5,drosophila,150,97.38225,89.75905,6473,9.05,1.11934
strobealign-0.14.0,map,sim5,drosophila,200,98.1879,91.0391,8913,10.54,1.18051
strobealign-0.14.0,map,sim5,drosophila,300,98.81775,93.6325,15107,15.69,1.38716
strobealign-0.14.0,map,sim5,drosophila,500,98.54185,93.7614,23644,17.25,1.509
strobealign-mcs-022a721,map,sim3,drosophila,50,99.60885,89.1643,1097,9.96,0.956173
strobealign-mcs-022a721,map,sim3,drosophila,75,99.7409,90.8,980,12.40,0.995525
strobealign-mcs-022a721,map,sim3,drosophila,100,99.79665,91.64755,1748,11.72,0.996277
strobealign-mcs-022a721,map,sim3,drosophila,150,99.78205,92.67675,2253,14.40,1.03896
strobealign-mcs-022a721,map,sim3,drosophila,200,99.743,93.1505,3125,16.47,1.13308
strobealign-mcs-022a721,map,sim3,drosophila,300,99.6951,94.9996,4573,23.32,1.33538
strobealign-mcs-022a721,map,sim3,drosophila,500,99.58065,95.4006,7459,26.70,1.53319
strobealign-mcs-022a721,map,sim4,drosophila,50,98.8743,87.80035,1935,9.73,0.951633
strobealign-mcs-022a721,map,sim4,drosophila,75,99.3074,89.9558,1771,12.08,0.999168
strobealign-mcs-022a721,map,sim4,drosophila,100,99.62345,91.00845,3140,11.41,0.995289
strobealign-mcs-022a721,map,sim4,drosophila,150,99.59115,92.1189,4072,13.77,1.05095
strobealign-mcs-022a721,map,sim4,drosophila,200,99.54445,92.59965,5405,15.84,1.13495
strobealign-mcs-022a721,map,sim4,drosophila,300,99.43065,94.33705,8482,21.98,1.34672
strobealign-mcs-022a721,map,sim4,drosophila,500,99.21995,94.65485,13876,25.40,1.56359
strobealign-mcs-022a721,map,sim5,drosophila,50,97.2515,85.7809,3911,9.38,0.925533
strobealign-mcs-022a721,map,sim5,drosophila,75,97.7578,88.2718,3476,11.82,0.994053
strobealign-mcs-022a721,map,sim5,drosophila,100,98.77735,89.79995,6169,11.57,1.01733
strobealign-mcs-022a721,map,sim5,drosophila,150,99.119,91.311,7975,13.55,1.05177
strobealign-mcs-022a721,map,sim5,drosophila,200,99.0692,91.7996,10634,16.20,1.13491
strobealign-mcs-022a721,map,sim5,drosophila,300,98.8673,93.6805,16513,21.91,1.34652
strobealign-mcs-022a721,map,sim5,drosophila,500,98.5458,93.7321,25106,23.71,1.49232
minimap2,map,sim3,drosophila,50,97.80195,87.71355,442,17.190,1.1422
minimap2,map,sim3,drosophila,75,99.6949,90.82535,894,29.263,1.12428
minimap2,map,sim3,drosophila,100,99.79395,91.9057,1347,11.948,1.06038
minimap2,map,sim3,drosophila,150,99.78415,92.88745,2177,18.075,0.987324
minimap2,map,sim3,drosophila,200,99.74415,93.0064,3061,25.419,0.96777
minimap2,map,sim3,drosophila,300,99.6951,94.9894,4576,35.936,0.948696
minimap2,map,sim3,drosophila,500,99.5806,94.2708,7454,117.030,1.06608
minimap2,map,sim4,drosophila,50,94.19345,84.1783,761,17.104,1.14539
minimap2,map,sim4,drosophila,75,99.056,89.97535,1560,27.706,1.11791
minimap2,map,sim4,drosophila,100,99.56195,91.4367,2345,11.405,1.06096
minimap2,map,sim4,drosophila,150,99.5915,92.52515,3924,16.404,0.986153
minimap2,map,sim4,drosophila,200,99.54535,92.67765,5310,23.240,0.955204
minimap2,map,sim4,drosophila,300,99.43065,94.4839,8474,33.201,0.923691
minimap2,map,sim4,drosophila,500,99.21995,93.8306,13878,106.048,1.02131
minimap2,map,sim5,drosophila,50,91.7266,81.81055,1468,17.663,1.12228
minimap2,map,sim5,drosophila,75,97.28765,88.2312,3072,28.541,1.10215
minimap2,map,sim5,drosophila,100,98.3654,90.1981,4627,11.010,1.05759
minimap2,map,sim5,drosophila,150,99.10465,91.994,7707,16.495,0.981323
minimap2,map,sim5,drosophila,200,99.06885,92.0749,10436,22.459,0.96249
minimap2,map,sim5,drosophila,300,98.8674,93.7654,16485,32.775,0.928246
minimap2,map,sim5,drosophila,500,98.5458,92.74705,25119,88.989,1.0251
strobealign-0.14.0,align,sim3,maize,50,99.50555,71.90275,3050,155.34,9.82927
strobealign-0.14.0,align,sim3,maize,75,99.77935,82.04545,3525,130.74,9.86022
strobealign-0.14.0,align,sim3,maize,100,99.8014,87.1317,3767,103.01,9.9096
strobealign-0.14.0,align,sim3,maize,150,99.77875,91.6851,4369,86.23,10.0312
strobealign-0.14.0,align,sim3,maize,200,99.76225,92.9603,4737,87.00,10.0589
strobealign-0.14.0,align,sim3,maize,300,99.6886,96.7008,6224,128.58,10.2873
strobealign-0.14.0,align,sim3,maize,500,99.57405,97.3405,8515,176.02,8.68784
strobealign-0.14.0,align,sim4,maize,50,98.92295,69.03995,6255,146.46,9.8249
strobealign-0.14.0,align,sim4,maize,75,99.5787,80.11335,6898,129.58,9.85654
strobealign-0.14.0,align,sim4,maize,100,99.61725,85.36345,7264,107.86,9.92606
strobealign-0.14.0,align,sim4,maize,150,99.582,90.59655,8301,94.33,10.0271
strobealign-0.14.0,align,sim4,maize,200,99.50735,92.0766,9850,102.71,10.0854
strobealign-0.14.0,align,sim4,maize,300,99.4098,96.17145,11802,154.57,10.2754
strobealign-0.14.0,align,sim4,maize,500,99.2013,96.76185,15974,261.52,8.83619
strobealign-0.14.0,align,sim5,maize,50,97.1773,67.03555,12327,142.34,9.80025
strobealign-0.14.0,align,sim5,maize,75,98.45165,78.3528,13337,128.62,9.86436
strobealign-0.14.0,align,sim5,maize,100,98.95795,83.97865,14557,110.36,9.91999
strobealign-0.14.0,align,sim5,maize,150,99.1512,89.50135,16297,98.61,10.0198
strobealign-0.14.0,align,sim5,maize,200,99.0569,91.0787,18535,115.39,10.137
strobealign-0.14.0,align,sim5,maize,300,98.87765,95.38035,22443,187.85,10.066
strobealign-0.14.0,align,sim5,maize,500,98.44805,95.82145,31039,385.00,8.81017
strobealign-mcs-022a721,align,sim3,maize,50,99.6244,72.5223,3050,183.79,9.80864
strobealign-mcs-022a721,align,sim3,maize,75,99.81315,82.025,3525,134.66,9.86893
strobealign-mcs-022a721,align,sim3,maize,100,99.809,86.86665,3767,96.30,9.90968
strobealign-mcs-022a721,align,sim3,maize,150,99.7794,91.65265,4369,98.74,10.038
strobealign-mcs-022a721,align,sim3,maize,200,99.76225,92.93715,4737,106.22,10.1363
strobealign-mcs-022a721,align,sim3,maize,300,99.6886,96.7434,6224,143.88,10.2575
strobealign-mcs-022a721,align,sim3,maize,500,99.57415,97.3856,8515,188.16,8.75364
strobealign-mcs-022a721,align,sim4,maize,50,99.4468,70.51285,6255,178.28,9.80836
strobealign-mcs-022a721,align,sim4,maize,75,99.634,80.40015,6898,134.50,9.86164
strobealign-mcs-022a721,align,sim4,maize,100,99.63535,85.4078,7264,43.35,9.90942
strobealign-mcs-022a721,align,sim4,maize,150,99.5844,90.66495,8301,108.30,10.0437
strobealign-mcs-022a721,align,sim4,maize,200,99.5075,92.12535,9850,122.22,10.131
strobealign-mcs-022a721,align,sim4,maize,300,99.4098,96.2272,11802,171.01,10.1346
strobealign-mcs-022a721,align,sim4,maize,500,99.2013,96.8218,15974,270.13,8.78079
strobealign-mcs-022a721,align,sim5,maize,50,98.5982,68.61905,12327,176.08,9.8024
strobealign-mcs-022a721,align,sim5,maize,75,98.64405,78.753,13337,136.55,9.86515
strobealign-mcs-022a721,align,sim5,maize,100,99.17295,84.1836,14557,104.13,9.92466
strobealign-mcs-022a721,align,sim5,maize,150,99.18055,89.6777,16297,114.36,10.0148
strobealign-mcs-022a721,align,sim5,maize,200,99.07205,91.2121,18535,136.70,10.1347
strobealign-mcs-022a721,align,sim5,maize,300,98.87785,95.44135,22443,211.09,10.2882
strobealign-mcs-022a721,align,sim5,maize,500,98.44805,95.8998,31039,398.44,8.56528
bwamem,align,sim3,maize,50,99.7829,74.64105,3050,330.209,19.7359
bwamem,align,sim3,maize,75,99.81595,83.6625,3525,296.318,11.4319
bwamem,align,sim3,maize,100,99.81165,88.26735,3767,287.616,8.11913
bwamem,align,sim3,maize,150,99.78155,92.2249,4369,351.870,5.78279
bwamem,align,sim3,maize,200,99.76315,93.28155,4737,433.385,5.00076
bwamem,align,sim3,maize,300,99.6888,96.9214,6224,661.565,4.44042
bwamem,align,sim3,maize,500,99.57425,97.49775,8515,1143.547,4.16933
bwamem,align,sim4,maize,50,99.33155,73.4387,6255,343.489,19.9309
bwamem,align,sim4,maize,75,99.61335,82.86275,6898,346.192,12.2457
bwamem,align,sim4,maize,100,99.63595,87.50905,7264,361.962,8.78894
bwamem,align,sim4,maize,150,99.58495,91.6382,8301,469.514,6.23471
bwamem,align,sim4,maize,200,99.5075,92.7727,9850,597.032,5.30601
bwamem,align,sim4,maize,300,99.4099,96.5377,11802,915.608,4.61975
bwamem,align,sim4,maize,500,99.2013,97.05725,15974,1565.241,4.25685
bwamem,align,sim5,maize,50,97.502,71.272,12327,339.004,19.6861
bwamem,align,sim5,maize,75,98.358,80.9047,13337,348.200,12.2643
bwamem,align,sim5,maize,100,98.90435,85.84445,14557,368.617,8.91846
bwamem,align,sim5,maize,150,99.174,90.0958,16297,484.175,6.38267
bwamem,align,sim5,maize,200,99.0672,91.1058,18535,613.255,5.42707
bwamem,align,sim5,maize,300,98.8778,95.0991,22443,950.740,4.68508
bwamem,align,sim5,maize,500,98.44805,95.93235,31039,1636.839,4.28945
minimap2,align,sim3,maize,50,94.86475,70.02445,3050,89.263,9.30594
minimap2,align,sim3,maize,75,98.40955,81.86815,3525,129.990,8.80965
minimap2,align,sim3,maize,100,99.1738,87.2374,3767,145.710,8.44078
minimap2,align,sim3,maize,150,99.5569,91.75765,4369,200.337,8.14231
minimap2,align,sim3,maize,200,99.6604,92.8702,4737,267.377,8.00996
minimap2,align,sim3,maize,300,99.65405,95.74145,6224,536.950,7.88304
minimap2,align,sim3,maize,500,99.56885,96.4484,8515,1916.786,7.98215
minimap2,align,sim4,maize,50,92.242,65.8387,6255,84.854,9.22521
minimap2,align,sim4,maize,75,98.04285,80.14045,6898,124.564,8.80783
minimap2,align,sim4,maize,100,99.07155,86.0998,7264,61.510,8.47284
minimap2,align,sim4,maize,150,99.4451,91.08485,8301,188.890,8.1376
minimap2,align,sim4,maize,200,99.4554,92.27485,9850,255.350,8.00953
minimap2,align,sim4,maize,300,99.39615,95.04475,11802,515.121,7.89973
minimap2,align,sim4,maize,500,99.19965,95.7088,15974,1722.485,7.90974
minimap2,align,sim5,maize,50,89.74885,63.45605,12327,84.653,9.18079
minimap2,align,sim5,maize,75,96.25055,77.915,13337,125.339,8.80541
minimap2,align,sim5,maize,100,97.8465,84.31995,14557,140.210,8.44305
minimap2,align,sim5,maize,150,98.94165,89.9293,16297,193.088,8.12867
minimap2,align,sim5,maize,200,99.0051,91.25305,18535,260.588,8.00785
minimap2,align,sim5,maize,300,98.861,93.9897,22443,520.991,7.87159
minimap2,align,sim5,maize,500,98.44655,94.33035,31039,1692.591,8.05274
strobealign-0.14.0,map,sim3,maize,50,96.4145,62.6428,480,126.37,9.80008
strobealign-0.14.0,map,sim3,maize,75,99.02015,75.5027,899,102.16,9.80627
strobealign-0.14.0,map,sim3,maize,100,99.5134,81.8776,1258,75.93,9.84462
strobealign-0.14.0,map,sim3,maize,150,99.73425,88.6443,1940,56.66,9.92409
strobealign-0.14.0,map,sim3,maize,200,99.75545,90.966,2534,56.61,10.0189
strobealign-0.14.0,map,sim3,maize,300,99.6877,95.3284,4279,78.65,10.0975
strobealign-0.14.0,map,sim3,maize,500,99.57355,96.37635,7310,87.40,8.66691
strobealign-0.14.0,map,sim4,maize,50,93.83865,56.90555,852,111.89,9.80024
strobealign-0.14.0,map,sim4,maize,75,98.08575,70.9066,1797,97.50,9.80626
strobealign-0.14.0,map,sim4,maize,100,98.7362,77.37405,2376,72.97,9.85659
strobealign-0.14.0,map,sim4,maize,150,99.28445,85.4798,3490,52.59,9.86749
strobealign-0.14.0,map,sim4,maize,200,99.43155,88.4829,5017,50.49,10.0272
strobealign-0.14.0,map,sim4,maize,300,99.4079,93.85505,8105,68.37,10.207
strobealign-0.14.0,map,sim4,maize,500,99.2011,94.9546,13610,76.46,8.6625
strobealign-0.14.0,map,sim5,maize,50,91.5616,54.8536,1630,106.88,9.79993
strobealign-0.14.0,map,sim5,maize,75,96.1838,68.71485,3223,94.49,9.80626
strobealign-0.14.0,map,sim5,maize,100,97.02335,75.1734,4396,71.39,9.84275
strobealign-0.14.0,map,sim5,maize,150,97.79305,83.2067,6628,51.76,9.92602
strobealign-0.14.0,map,sim5,maize,200,98.4358,86.63195,9192,49.52,10.0118
strobealign-0.14.0,map,sim5,maize,300,98.845,92.83555,15123,66.64,10.1952
strobealign-0.14.0,map,sim5,maize,500,98.44725,93.86675,26260,73.13,8.6636
strobealign-mcs-022a721,map,sim3,maize,50,97.8452,64.5681,1866,155.07,9.78194
strobealign-mcs-022a721,map,sim3,maize,75,99.57625,75.35165,1053,106.24,9.81462
strobealign-mcs-022a721,map,sim3,maize,100,99.8035,81.6426,2487,68.63,9.83018
strobealign-mcs-022a721,map,sim3,maize,150,99.77665,88.5104,2308,70.52,9.92319
strobealign-mcs-022a721,map,sim3,maize,200,99.7599,90.87155,2859,74.56,10.0135
strobealign-mcs-022a721,map,sim3,maize,300,99.68795,95.4657,4579,98.10,10.1946
strobealign-mcs-022a721,map,sim3,maize,500,99.57385,96.6296,7616,107.21,8.48929
strobealign-mcs-022a721,map,sim4,maize,50,97.77435,60.9855,3923,144.50,9.78194
strobealign-mcs-022a721,map,sim4,maize,75,99.27155,71.93665,2146,101.02,9.81312
strobealign-mcs-022a721,map,sim4,maize,100,99.6274,78.3355,4752,65.67,9.84172
strobealign-mcs-022a721,map,sim4,maize,150,99.58085,85.9394,4222,67.39,9.92023
strobealign-mcs-022a721,map,sim4,maize,200,99.5062,88.6563,5839,69.35,10.0089
strobealign-mcs-022a721,map,sim4,maize,300,99.4095,94.1124,8773,95.36,10.1926
strobealign-mcs-022a721,map,sim4,maize,500,99.2012,95.3366,14216,97.70,8.66402
strobealign-mcs-022a721,map,sim5,maize,50,96.83045,59.0727,7672,140.77,9.78192
strobealign-mcs-022a721,map,sim5,maize,75,97.8315,69.98845,3894,99.36,9.80197
strobealign-mcs-022a721,map,sim5,maize,100,99.02555,76.53575,9224,65.23,9.82833
strobealign-mcs-022a721,map,sim5,maize,150,99.13285,84.48905,8129,67.45,9.92292
strobealign-mcs-022a721,map,sim5,maize,200,99.06235,87.37005,10843,70.41,10.0099
strobealign-mcs-022a721,map,sim5,maize,300,98.8773,93.13275,16445,89.69,10.1931
strobealign-mcs-022a721,map,sim5,maize,500,98.44805,94.20875,27560,95.58,8.66231
minimap2,map,sim3,maize,50,94.87675,64.39915,431,68.171,8.34891
minimap2,map,sim3,maize,75,98.4132,77.5072,887,97.074,8.10027
minimap2,map,sim3,maize,100,99.17435,83.94495,1310,110.115,7.89974
minimap2,map,sim3,maize,150,99.557,89.68745,2174,148.678,7.74401
minimap2,map,sim3,maize,200,99.66045,91.1636,2803,193.311,7.6617
minimap2,map,sim3,maize,300,99.65405,94.11445,4543,466.500,7.6348
minimap2,map,sim3,maize,500,99.56885,94.7373,7588,1817.485,7.782
minimap2,map,sim4,maize,50,92.28785,59.85805,749,62.464,8.31044
minimap2,map,sim4,maize,75,98.06195,74.8278,1779,94.313,8.0976
minimap2,map,sim4,maize,100,99.07475,81.92695,2529,96.985,7.90818
minimap2,map,sim4,maize,150,99.4451,88.4301,3966,135.861,7.73202
minimap2,map,sim4,maize,200,99.45545,90.01895,5737,171.660,7.65951
minimap2,map,sim4,maize,300,99.39615,92.94405,8724,444.336,7.64394
minimap2,map,sim4,maize,500,99.19965,93.77565,14167,1600.393,7.74913
minimap2,map,sim5,maize,50,89.8438,57.6706,1404,65.597,8.28623
minimap2,map,sim5,maize,75,96.30845,72.7755,3181,94.610,8.09839
minimap2,map,sim5,maize,100,97.88795,80.38625,4648,97.569,7.90147
minimap2,map,sim5,maize,150,98.94995,87.4622,7666,133.662,7.73177
minimap2,map,sim5,maize,200,99.0065,89.1672,10575,168.702,7.66159
minimap2,map,sim5,maize,300,98.861,91.9793,16305,437.733,7.61017
minimap2,map,sim5,maize,500,98.44655,92.37845,27455,1540.368,7.86779
strobealign-0.14.0,align,sim3,CHM13,50,99.5534,90.90695,3322,45.51,14.481
strobealign-0.14.0,align,sim3,CHM13,75,99.80105,92.51855,3583,48.61,14.5267
strobealign-0.14.0,align,sim3,CHM13,100,99.80085,93.2939,3914,45.08,14.588
strobealign-0.14.0,align,sim3,CHM13,150,99.7803,94.15825,4390,43.24,14.7124
strobealign-0.14.0,align,sim3,CHM13,200,99.7488,94.46705,5018,42.92,14.7986
strobealign-0.14.0,align,sim3,CHM13,300,99.68855,95.62545,6229,63.32,14.9662
strobealign-0.14.0,align,sim3,CHM13,500,99.5794,96.0549,8412,97.91,11.6602
strobealign-0.14.0,align,sim4,CHM13,50,98.7492,89.4386,6259,44.11,14.4849
strobealign-0.14.0,align,sim4,CHM13,75,99.5777,91.9655,6712,49.15,14.5207
strobealign-0.14.0,align,sim4,CHM13,100,99.6135,92.81145,7209,47.03,14.5791
strobealign-0.14.0,align,sim4,CHM13,150,99.5697,93.73135,8535,45.32,14.7139
strobealign-0.14.0,align,sim4,CHM13,200,99.5229,94.0487,9526,51.29,14.715
strobealign-0.14.0,align,sim4,CHM13,300,99.4215,95.2349,11570,83.39,14.9218
strobealign-0.14.0,align,sim4,CHM13,500,99.1899,95.51955,16202,148.46,11.6064
strobealign-0.14.0,align,sim5,CHM13,50,96.926,87.54355,12597,42.97,14.471
strobealign-0.14.0,align,sim5,CHM13,75,98.4339,90.7016,13461,48.81,14.5217
strobealign-0.14.0,align,sim5,CHM13,100,98.93805,91.97415,14383,47.45,14.5807
strobealign-0.14.0,align,sim5,CHM13,150,99.12625,93.1808,16562,49.05,14.6984
strobealign-0.14.0,align,sim5,CHM13,200,99.0449,93.4904,18688,56.47,14.7986
strobealign-0.14.0,align,sim5,CHM13,300,98.8705,94.6088,22586,103.65,14.9312
strobealign-0.14.0,align,sim5,CHM13,500,98.4742,94.71255,30516,231.47,11.6641
strobealign-mcs-022a721,align,sim3,CHM13,50,99.7278,91.1275,3322,57.53,14.5158
strobealign-mcs-022a721,align,sim3,CHM13,75,99.80715,92.557,3583,58.71,14.5131
strobealign-mcs-022a721,align,sim3,CHM13,100,99.8033,93.2753,3914,46.51,14.5927
strobealign-mcs-022a721,align,sim3,CHM13,150,99.78005,94.13895,4390,46.94,14.7165
strobealign-mcs-022a721,align,sim3,CHM13,200,99.7489,94.45075,5018,50.92,14.8072
strobealign-mcs-022a721,align,sim3,CHM13,300,99.68855,95.63575,6229,73.48,14.9108
strobealign-mcs-022a721,align,sim3,CHM13,500,99.5794,96.07885,8412,101.48,11.682
strobealign-mcs-022a721,align,sim4,CHM13,50,99.58045,90.30165,6259,58.65,14.5187
strobealign-mcs-022a721,align,sim4,CHM13,75,99.64065,92.12525,6712,57.50,14.5048
strobealign-mcs-022a721,align,sim4,CHM13,100,99.6393,92.87715,7209,48.62,14.5977
strobealign-mcs-022a721,align,sim4,CHM13,150,99.57325,93.7475,8535,50.31,14.6756
strobealign-mcs-022a721,align,sim4,CHM13,200,99.5237,94.0574,9526,57.24,14.7991
strobealign-mcs-022a721,align,sim4,CHM13,300,99.4215,95.25735,11570,93.27,14.8736
strobealign-mcs-022a721,align,sim4,CHM13,500,99.1899,95.5463,16202,161.03,11.3363
strobealign-mcs-022a721,align,sim5,CHM13,50,99.0174,88.6217,12597,57.28,14.5062
strobealign-mcs-022a721,align,sim5,CHM13,75,98.6728,90.96725,13461,56.93,14.5147
strobealign-mcs-022a721,align,sim5,CHM13,100,99.2461,92.1524,14383,48.05,14.5929
strobealign-mcs-022a721,align,sim5,CHM13,150,99.16715,93.25245,16562,53.52,14.6985
strobealign-mcs-022a721,align,sim5,CHM13,200,99.06485,93.5133,18688,63.97,14.8016
strobealign-mcs-022a721,align,sim5,CHM13,300,98.8707,94.63455,22586,113.96,14.9384
strobealign-mcs-022a721,align,sim5,CHM13,500,98.4742,94.72945,30516,248.38,11.6885
bwamem,align,sim3,CHM13,50,99.76385,91.68705,3322,149.494,10.8977
bwamem,align,sim3,CHM13,75,99.8125,92.8564,3583,155.922,8.3335
bwamem,align,sim3,CHM13,100,99.8043,93.5587,3914,151.941,7.3112
bwamem,align,sim3,CHM13,150,99.7805,94.3284,4390,201.162,6.50656
bwamem,align,sim3,CHM13,200,99.7491,94.56995,5018,259.873,6.16887
bwamem,align,sim3,CHM13,300,99.68855,95.78235,6229,424.203,5.85835
bwamem,align,sim3,CHM13,500,99.5794,96.2006,8412,731.606,5.68977
bwamem,align,sim4,CHM13,50,99.3113,91.03665,6259,151.565,10.8851
bwamem,align,sim4,CHM13,75,99.6161,92.5429,6712,172.332,8.57597
bwamem,align,sim4,CHM13,100,99.6386,93.28085,7209,182.331,7.49141
bwamem,align,sim4,CHM13,150,99.57325,94.0156,8535,255.413,6.64098
bwamem,align,sim4,CHM13,200,99.52365,94.2604,9526,349.304,6.28045
bwamem,align,sim4,CHM13,300,99.4215,95.48375,11570,578.692,5.93364
bwamem,align,sim4,CHM13,500,99.1899,95.73945,16202,989.480,5.69787
bwamem,align,sim5,CHM13,50,97.4312,89.12215,12597,151.004,10.7525
bwamem,align,sim5,CHM13,75,98.3346,91.16465,13461,173.964,8.56759
bwamem,align,sim5,CHM13,100,98.89555,92.3451,14383,183.867,7.5328
bwamem,align,sim5,CHM13,150,99.16125,93.4078,16562,263.397,6.68614
bwamem,align,sim5,CHM13,200,99.06105,93.6112,18688,354.642,6.31898
bwamem,align,sim5,CHM13,300,98.8707,94.71075,22586,600.542,5.96099
bwamem,align,sim5,CHM13,500,98.4742,94.90045,30516,1062.752,5.71886
minimap2,align,sim3,CHM13,50,95.4303,88.1919,3322,62.889,11.7977
minimap2,align,sim3,CHM13,75,98.7697,92.0378,3583,81.095,11.7187
minimap2,align,sim3,CHM13,100,99.3365,93.1711,3914,82.677,11.5787
minimap2,align,sim3,CHM13,150,99.63,94.1526,4390,112.857,11.5147
minimap2,align,sim3,CHM13,200,99.6828,94.44415,5018,132.105,11.5115
minimap2,align,sim3,CHM13,300,99.6704,95.39845,6229,250.084,11.5914
minimap2,align,sim3,CHM13,500,99.57745,95.5725,8412,640.262,11.877
minimap2,align,sim4,CHM13,50,92.06765,84.3624,6259,60.037,11.7876
minimap2,align,sim4,CHM13,75,98.2234,91.1391,6712,81.774,11.7293
minimap2,align,sim4,CHM13,100,99.1701,92.7146,7209,80.429,11.5802
minimap2,align,sim4,CHM13,150,99.46505,93.7648,8535,111.422,11.5269
minimap2,align,sim4,CHM13,200,99.4853,94.08295,9526,131.486,11.4879
minimap2,align,sim4,CHM13,300,99.41075,95.0386,11570,240.992,11.5892
minimap2,align,sim4,CHM13,500,99.18935,95.06335,16202,582.515,11.6784
minimap2,align,sim5,CHM13,50,89.5151,81.9465,12597,62.270,11.771
minimap2,align,sim5,CHM13,75,96.38735,89.2454,13461,73.655,11.7262
minimap2,align,sim5,CHM13,100,97.9058,91.28305,14383,80.528,11.5777
minimap2,align,sim5,CHM13,150,98.94945,93.19085,16562,105.148,11.5177
minimap2,align,sim5,CHM13,200,99.00725,93.51985,18688,132.110,11.485
minimap2,align,sim5,CHM13,300,98.85835,94.37755,22586,240.782,11.5928
minimap2,align,sim5,CHM13,500,98.47335,94.2152,30516,579.383,11.5801
strobealign-0.14.0,map,sim3,CHM13,50,96.3103,86.04885,484,33.35,14.4219
strobealign-0.14.0,map,sim3,CHM13,75,99.1985,90.77555,954,39.78,14.4701
strobealign-0.14.0,map,sim3,CHM13,100,99.51255,92.05995,1281,35.70,14.504
strobealign-0.14.0,map,sim3,CHM13,150,99.72395,93.4112,1923,27.16,14.5871
strobealign-0.14.0,map,sim3,CHM13,200,99.73995,93.933,2650,25.55,14.6778
strobealign-0.14.0,map,sim3,CHM13,300,99.68805,94.8955,4296,31.86,14.8527
strobealign-0.14.0,map,sim3,CHM13,500,99.57925,95.3842,7261,32.43,11.5379
strobealign-0.14.0,map,sim4,CHM13,50,92.4563,80.91335,825,30.11,14.4146
strobealign-0.14.0,map,sim4,CHM13,75,97.73825,88.437,1597,35.92,14.4649
strobealign-0.14.0,map,sim4,CHM13,100,98.33815,90.15505,2159,33.17,14.4999
strobealign-0.14.0,map,sim4,CHM13,150,99.094,92.29695,3527,26.31,14.5901
strobealign-0.14.0,map,sim4,CHM13,200,99.38805,93.1324,4840,24.96,14.6762
strobealign-0.14.0,map,sim4,CHM13,300,99.4191,94.2973,7906,29.49,14.8491
strobealign-0.14.0,map,sim4,CHM13,500,99.18975,94.60085,13774,30.35,11.538
strobealign-0.14.0,map,sim5,CHM13,50,90.1117,78.67535,1617,29.40,14.4195
strobealign-0.14.0,map,sim5,CHM13,75,95.72395,86.32805,3000,34.69,14.469
strobealign-0.14.0,map,sim5,CHM13,100,96.4909,88.09435,4302,32.79,14.5052
strobealign-0.14.0,map,sim5,CHM13,150,97.42615,90.4237,6437,25.98,14.5872
strobealign-0.14.0,map,sim5,CHM13,200,98.20915,91.7595,9134,24.09,14.6759
strobealign-0.14.0,map,sim5,CHM13,300,98.82595,93.58875,15040,27.08,14.8576
strobealign-0.14.0,map,sim5,CHM13,500,98.4732,93.78175,25640,29.51,11.5363
strobealign-mcs-022a721,map,sim3,CHM13,50,98.7913,88.4501,2792,45.33,14.4595
strobealign-mcs-022a721,map,sim3,CHM13,75,99.5795,91.1157,1291,47.73,14.452
strobealign-mcs-022a721,map,sim3,CHM13,100,99.79995,92.2674,3418,33.40,14.5191
strobealign-mcs-022a721,map,sim3,CHM13,150,99.7797,93.3817,2395,33.23,14.5813
strobealign-mcs-022a721,map,sim3,CHM13,200,99.74825,93.85675,3038,29.90,14.677
strobealign-mcs-022a721,map,sim3,CHM13,300,99.68805,94.88315,4663,37.68,14.8557
strobealign-mcs-022a721,map,sim3,CHM13,500,99.57925,95.4475,7540,39.79,11.5367
strobealign-mcs-022a721,map,sim4,CHM13,50,98.7536,86.35205,5236,44.40,14.4595
strobealign-mcs-022a721,map,sim4,CHM13,75,99.282,89.9755,2305,44.60,14.4565
strobealign-mcs-022a721,map,sim4,CHM13,100,99.6351,91.4405,6293,33.53,14.513
strobealign-mcs-022a721,map,sim4,CHM13,150,99.57205,92.7495,4543,31.08,14.5843
strobealign-mcs-022a721,map,sim4,CHM13,200,99.52285,93.22345,5720,29.86,14.6742
strobealign-mcs-022a721,map,sim4,CHM13,300,99.4213,94.27575,8613,37.94,14.8615
strobealign-mcs-022a721,map,sim4,CHM13,500,99.18985,94.66235,14444,38.91,11.5375
strobealign-mcs-022a721,map,sim5,CHM13,50,98.18085,84.3169,10501,42.41,14.4595
strobealign-mcs-022a721,map,sim5,CHM13,75,97.89165,88.2268,4451,42.96,14.4649
strobealign-mcs-022a721,map,sim5,CHM13,100,99.1977,90.09215,12418,37.60,14.5145
strobealign-mcs-022a721,map,sim5,CHM13,150,99.1165,91.9245,8508,30.94,14.5825
strobealign-mcs-022a721,map,sim5,CHM13,200,99.05365,92.53825,10969,28.97,14.6742
strobealign-mcs-022a721,map,sim5,CHM13,300,98.87025,93.6609,16544,37.10,14.8585
strobealign-mcs-022a721,map,sim5,CHM13,500,98.4742,93.84205,27056,38.97,11.5363
minimap2,map,sim3,CHM13,50,95.4406,87.531,457,54.270,11.4352
minimap2,map,sim3,CHM13,75,98.77485,91.5373,957,74.616,11.3801
minimap2,map,sim3,CHM13,100,99.33795,92.7061,1349,72.997,11.3179
minimap2,map,sim3,CHM13,150,99.63045,93.72415,2178,97.500,11.2999
minimap2,map,sim3,CHM13,200,99.6834,93.9863,2956,105.477,11.2889
minimap2,map,sim3,CHM13,300,99.6706,94.9409,4619,236.999,11.405
minimap2,map,sim3,CHM13,500,99.5775,94.82565,7525,599.267,11.6667
minimap2,map,sim4,CHM13,50,92.10585,83.6095,764,56.485,11.4324
minimap2,map,sim4,CHM13,75,98.23965,90.5029,1633,71.890,11.3816
minimap2,map,sim4,CHM13,100,99.17515,92.13465,2359,68.397,11.3168
minimap2,map,sim4,CHM13,150,99.4662,93.2774,4077,88.898,11.2921
minimap2,map,sim4,CHM13,200,99.48655,93.5545,5562,103.910,11.2733
minimap2,map,sim4,CHM13,300,99.41095,94.4773,8541,216.956,11.422
minimap2,map,sim4,CHM13,500,99.18935,94.26035,14406,537.634,11.5266
minimap2,map,sim5,CHM13,50,89.6035,81.23635,1441,52.086,11.4214
minimap2,map,sim5,CHM13,75,96.43825,88.69325,3060,71.507,11.3806
minimap2,map,sim5,CHM13,100,97.94535,90.84775,4665,68.232,11.3177
minimap2,map,sim5,CHM13,150,98.95905,92.72145,7613,86.829,11.3017
minimap2,map,sim5,CHM13,200,99.00995,92.9813,10627,102.068,11.2719
minimap2,map,sim5,CHM13,300,98.85845,93.80535,16425,210.422,11.3993
minimap2,map,sim5,CHM13,500,98.47335,93.401,26956,520.793,11.4197
strobealign-0.14.0,align,sim3,rye,50,99.3065,70.5191,3261,154.53,33.351
strobealign-0.14.0,align,sim3,rye,75,99.7472,81.29765,3487,137.54,33.3447
strobealign-0.14.0,align,sim3,rye,100,99.7936,86.52495,3895,113.21,33.3872
strobealign-0.14.0,align,sim3,rye,150,99.77515,91.128,4492,94.09,33.4213
strobealign-0.14.0,align,sim3,rye,200,99.75405,92.4032,4919,93.26,33.4586
strobealign-0.14.0,align,sim3,rye,300,99.69615,95.3989,6077,125.97,33.4589
strobealign-0.14.0,align,sim3,rye,500,99.5898,95.94435,8204,162.48,25.3438
strobealign-0.14.0,align,sim4,rye,50,98.8067,67.0789,6304,144.21,33.3549
strobealign-0.14.0,align,sim4,rye,75,99.5501,78.67885,6982,135.50,33.3442
strobealign-0.14.0,align,sim4,rye,100,99.61645,84.25425,7263,117.49,33.3873
strobealign-0.14.0,align,sim4,rye,150,99.5826,89.64895,8324,102.53,33.4175
strobealign-0.14.0,align,sim4,rye,200,99.5324,91.19665,9351,108.33,33.4584
strobealign-0.14.0,align,sim4,rye,300,99.42945,94.8133,11411,149.49,33.4589
strobealign-0.14.0,align,sim4,rye,500,99.20715,95.41365,15857,229.39,25.4061
strobealign-0.14.0,align,sim5,rye,50,97.01955,65.07375,12498,140.95,33.3547
strobealign-0.14.0,align,sim5,rye,75,98.42745,76.9472,13298,136.13,33.3447
strobealign-0.14.0,align,sim5,rye,100,98.9486,82.8682,14707,119.59,33.3872
strobealign-0.14.0,align,sim5,rye,150,99.1392,88.55205,16552,104.66,33.4212
strobealign-0.14.0,align,sim5,rye,200,99.0532,90.2015,18644,118.55,33.4545
strobealign-0.14.0,align,sim5,rye,300,98.86655,93.9978,22667,178.26,33.4587
strobealign-0.14.0,align,sim5,rye,500,98.44855,94.4928,31029,318.69,25.2053
strobealign-mcs-022a721,align,sim3,rye,50,99.64175,71.1354,3261,173.54,33.3166
strobealign-mcs-022a721,align,sim3,rye,75,99.8222,81.26315,3487,124.92,33.3895
strobealign-mcs-022a721,align,sim3,rye,100,99.8052,86.09995,3895,107.28,33.4403
strobealign-mcs-022a721,align,sim3,rye,150,99.7754,90.85315,4492,97.39,33.4205
strobealign-mcs-022a721,align,sim3,rye,200,99.75405,92.39465,4919,110.83,33.4746
strobealign-mcs-022a721,align,sim3,rye,300,99.69615,95.4179,6077,140.84,33.4596
strobealign-mcs-022a721,align,sim3,rye,500,99.5898,95.97555,8204,173.65,25.452
strobealign-mcs-022a721,align,sim4,rye,50,99.5182,68.54265,6304,168.41,33.3167
strobealign-mcs-022a721,align,sim4,rye,75,99.63755,78.9999,6982,126.05,33.3894
strobealign-mcs-022a721,align,sim4,rye,100,99.6368,84.1613,7263,113.11,33.4403
strobealign-mcs-022a721,align,sim4,rye,150,99.5838,89.5417,8324,108.19,33.4244
strobealign-mcs-022a721,align,sim4,rye,200,99.53245,91.29115,9351,125.11,33.4745
strobealign-mcs-022a721,align,sim4,rye,300,99.42945,94.90565,11411,170.36,33.4518
strobealign-mcs-022a721,align,sim4,rye,500,99.20715,95.4605,15857,241.16,25.4438
strobealign-mcs-022a721,align,sim5,rye,50,98.9867,66.617,12498,165.89,33.3166
strobealign-mcs-022a721,align,sim5,rye,75,98.6894,77.33195,13298,125.95,33.3894
strobealign-mcs-022a721,align,sim5,rye,100,99.2213,82.90015,14707,112.93,33.4402
strobealign-mcs-022a721,align,sim5,rye,150,99.1672,88.50475,16552,112.73,33.4242
strobealign-mcs-022a721,align,sim5,rye,200,99.0668,90.3255,18644,140.59,33.4745
strobealign-mcs-022a721,align,sim5,rye,300,98.86665,94.1094,22667,195.60,33.4596
strobealign-mcs-022a721,align,sim5,rye,500,98.44855,94.5711,31029,339.97,25.4366
bwamem,align,sim3,rye,50,99.7715,74.44295,3261,409.013,29.5583
bwamem,align,sim3,rye,75,99.81845,83.8589,3487,364.404,20.3748
bwamem,align,sim3,rye,100,99.8052,88.43315,3895,354.225,16.7993
bwamem,align,sim3,rye,150,99.7754,92.0416,4492,432.845,14.2799
bwamem,align,sim3,rye,200,99.75405,92.9685,4919,529.462,13.4085
bwamem,align,sim3,rye,300,99.69615,95.6318,6077,783.779,12.7992
bwamem,align,sim3,rye,500,99.5898,96.083,8204,1326.456,12.4962
bwamem,align,sim4,rye,50,99.34065,72.91255,6304,404.229,28.9475
bwamem,align,sim4,rye,75,99.61335,82.8582,6982,399.164,20.8025
bwamem,align,sim4,rye,100,99.63585,87.61125,7263,419.914,17.2967
bwamem,align,sim4,rye,150,99.5837,91.4183,8324,559.752,14.7159
bwamem,align,sim4,rye,200,99.53245,92.396,9351,716.049,13.7697
bwamem,align,sim4,rye,300,99.42945,95.3185,11411,1074.895,13.0052
bwamem,align,sim4,rye,500,99.20715,95.68835,15857,1788.363,12.6029
bwamem,align,sim5,rye,50,97.5107,70.70535,12498,396.210,28.5732
bwamem,align,sim5,rye,75,98.381,80.87275,13298,399.001,20.8094
bwamem,align,sim5,rye,100,98.9093,85.94295,14707,427.878,17.4517
bwamem,align,sim5,rye,150,99.1614,89.9016,16552,570.138,14.8625
bwamem,align,sim5,rye,200,99.0636,90.8074,18644,739.288,13.8757
bwamem,align,sim5,rye,300,98.86665,94.0106,22667,1110.094,13.0684
bwamem,align,sim5,rye,500,98.44855,94.6701,31029,1865.182,12.6389
minimap2,align,sim3,rye,50,90.10995,67.14525,3261,121.596,21.0377
minimap2,align,sim3,rye,75,95.99525,80.0295,3487,162.395,20.5809
minimap2,align,sim3,rye,100,97.9389,85.8429,3895,179.063,20.2164
minimap2,align,sim3,rye,150,99.2121,90.74315,4492,229.759,19.9477
minimap2,align,sim3,rye,200,99.55265,92.0875,4919,272.343,19.8622
minimap2,align,sim3,rye,300,99.64965,94.12675,6077,648.364,19.8828
minimap2,align,sim3,rye,500,99.5874,95.1829,8204,2234.905,19.8723
minimap2,align,sim4,rye,50,88.0795,62.6746,6304,115.499,20.9769
minimap2,align,sim4,rye,75,95.995,77.7444,6982,158.988,20.5996
minimap2,align,sim4,rye,100,98.1087,84.44075,7263,173.252,20.243
minimap2,align,sim4,rye,150,99.21945,89.83805,8324,219.487,19.9332
minimap2,align,sim4,rye,200,99.4259,91.31405,9351,277.687,19.8728
minimap2,align,sim4,rye,300,99.40995,93.3844,11411,634.628,19.8882
minimap2,align,sim4,rye,500,99.20635,94.47245,15857,2047.275,19.8321
minimap2,align,sim5,rye,50,85.69185,60.46215,12498,110.485,20.9362
minimap2,align,sim5,rye,75,94.20965,75.5372,13298,157.325,20.5922
minimap2,align,sim5,rye,100,96.83965,82.56595,14707,172.853,20.2401
minimap2,align,sim5,rye,150,98.68165,88.7441,16552,212.619,19.9351
minimap2,align,sim5,rye,200,98.93025,90.3149,18644,277.224,19.8757
minimap2,align,sim5,rye,300,98.83885,92.3668,22667,634.418,19.8795
minimap2,align,sim5,rye,500,98.4478,93.21365,31029,1998.688,19.8431
strobealign-0.14.0,map,sim3,rye,50,95.2213,59.7719,541,116.81,33.355
strobealign-0.14.0,map,sim3,rye,75,98.44135,73.3213,938,102.47,33.3446
strobealign-0.14.0,map,sim3,rye,100,99.3454,80.31335,1330,77.95,33.3869
strobealign-0.14.0,map,sim3,rye,150,99.7263,87.487,1990,62.77,33.4214
strobealign-0.14.0,map,sim3,rye,200,99.749,90.0736,2649,60.01,33.4584
strobealign-0.14.0,map,sim3,rye,300,99.69565,93.98365,4219,82.91,33.4587
strobealign-0.14.0,map,sim3,rye,500,99.5898,95.1393,7121,85.56,25.2696
strobealign-0.14.0,map,sim4,rye,50,93.338,53.93955,868,105.35,33.3549
strobealign-0.14.0,map,sim4,rye,75,97.77815,68.3911,1704,96.75,33.3447
strobealign-0.14.0,map,sim4,rye,100,98.72435,75.43835,2288,75.13,33.3873
strobealign-0.14.0,map,sim4,rye,150,99.32365,83.9482,3478,57.20,33.4214
strobealign-0.14.0,map,sim4,rye,200,99.46975,87.4062,4738,51.77,33.4584
strobealign-0.14.0,map,sim4,rye,300,99.4284,92.49215,7829,71.87,33.4587
strobealign-0.14.0,map,sim4,rye,500,99.20715,93.8047,13449,75.06,25.2766
strobealign-0.14.0,map,sim5,rye,50,91.1027,52.04665,1749,100.59,33.3511
strobealign-0.14.0,map,sim5,rye,75,95.9219,66.2074,3228,93.34,33.3447
strobealign-0.14.0,map,sim5,rye,100,97.0383,73.26015,4461,75.37,33.3872
strobealign-0.14.0,map,sim5,rye,150,97.8512,81.74445,6725,55.96,33.4213
strobealign-0.14.0,map,sim5,rye,200,98.4993,85.49865,9288,52.92,33.4586
strobealign-0.14.0,map,sim5,rye,300,98.8389,91.44785,15120,68.90,33.4589
strobealign-0.14.0,map,sim5,rye,500,98.448,92.7147,26075,72.35,25.2784
strobealign-mcs-022a721,map,sim3,rye,50,97.98065,61.2773,2822,137.71,33.3086
strobealign-mcs-022a721,map,sim3,rye,75,99.7204,72.87975,1218,90.98,33.3894
strobealign-mcs-022a721,map,sim3,rye,100,99.80265,79.62295,3293,71.47,33.4403
strobealign-mcs-022a721,map,sim3,rye,150,99.7753,86.76585,2439,63.62,33.4241
strobealign-mcs-022a721,map,sim3,rye,200,99.754,89.9828,3005,78.41,33.4744
strobealign-mcs-022a721,map,sim3,rye,300,99.69615,94.1216,4537,102.36,33.4596
strobealign-mcs-022a721,map,sim3,rye,500,99.5898,95.29145,7382,104.57,25.3174
strobealign-mcs-022a721,map,sim4,rye,50,98.0671,57.29535,5521,129.52,33.3085
strobealign-mcs-022a721,map,sim4,rye,75,99.43475,69.0326,2299,86.69,33.3894
strobealign-mcs-022a721,map,sim4,rye,100,99.6349,75.9845,6229,68.74,33.4402
strobealign-mcs-022a721,map,sim4,rye,150,99.5834,84.02865,4338,63.03,33.4244
strobealign-mcs-022a721,map,sim4,rye,200,99.53245,87.59345,5519,74.75,33.4746
strobealign-mcs-022a721,map,sim4,rye,300,99.42945,92.74335,8490,97.41,33.4596
strobealign-mcs-022a721,map,sim4,rye,500,99.20715,94.06045,14099,99.70,25.319
strobealign-mcs-022a721,map,sim5,rye,50,97.5555,55.4398,10842,122.79,33.3166
strobealign-mcs-022a721,map,sim5,rye,75,98.09555,67.13595,4352,85.27,33.3895
strobealign-mcs-022a721,map,sim5,rye,100,99.1716,74.2039,12509,69.73,33.4364
strobealign-mcs-022a721,map,sim5,rye,150,99.1415,82.5733,8546,64.63,33.4244
strobealign-mcs-022a721,map,sim5,rye,200,99.05875,86.20005,10950,74.80,33.4746
strobealign-mcs-022a721,map,sim5,rye,300,98.86655,91.7176,16563,96.80,33.4596
strobealign-mcs-022a721,map,sim5,rye,500,98.44855,92.98705,27455,95.15,25.316
minimap2,map,sim3,rye,50,90.1201,61.82295,440,100.028,20.166
minimap2,map,sim3,rye,75,95.9994,75.8233,891,133.333,19.937
minimap2,map,sim3,rye,100,97.93965,82.7036,1328,144.669,19.7433
minimap2,map,sim3,rye,150,99.21215,88.7057,2204,172.423,19.5979
minimap2,map,sim3,rye,200,99.55265,90.3391,2924,202.047,19.5659
minimap2,map,sim3,rye,300,99.64965,92.29505,4449,575.308,19.6552
minimap2,map,sim3,rye,500,99.5874,93.0928,7339,2070.971,19.6568
minimap2,map,sim4,rye,50,88.12485,57.0012,703,91.584,20.1334
minimap2,map,sim4,rye,75,96.01455,72.7268,1633,126.740,19.95
minimap2,map,sim4,rye,100,98.11305,80.4333,2372,135.974,19.7561
minimap2,map,sim4,rye,150,99.2197,87.1997,3932,158.545,19.6039
minimap2,map,sim4,rye,200,99.42595,89.0683,5324,182.500,19.5753
minimap2,map,sim4,rye,300,99.40995,91.0489,8348,544.338,19.6518
minimap2,map,sim4,rye,500,99.20635,91.96565,13997,1848.167,19.6582
minimap2,map,sim5,rye,50,85.7846,55.0012,1386,94.790,20.1147
minimap2,map,sim5,rye,75,94.26895,70.73815,3107,123.672,19.9449
minimap2,map,sim5,rye,100,96.8825,78.75365,4676,130.960,19.7559
minimap2,map,sim5,rye,150,98.6903,86.19185,7690,160.489,19.5951
minimap2,map,sim5,rye,200,98.93145,88.09075,10559,191.398,19.5751
minimap2,map,sim5,rye,300,98.83885,90.0118,16292,533.944,19.6449
minimap2,map,sim5,rye,500,98.4478,90.621,27243,1787.100,19.6636
